email,first_name,last_name,birthdate,gender,height_feet,height_inches,goal_weight,goal_to_lose_weight,goal_to_feel_better,password
02d2e4fb-58ca-4de5-9717-0a8716adf5cb@synthetic.gatorfan,Hayden,Lee,2007-12-03,female,5,10,175.8,True,False,
71973c8d-d62c-451c-aef3-7575d1860930@synthetic.gatorfan,Hayden,Patel,2004-01-17,other,5,1,156.0,True,False,
5f723be0-c181-4a06-9e53-cf1c82cb4127@synthetic.gatorfan,Rowan,Martinez,2003-10-09,other,5,5,138.2,True,True,
d38086a7-248f-4ff5-8a43-341d70e27c3a@synthetic.gatorfan,Elliot,Brown,2003-04-24,female,4,9,148.4,False,False,
ab426c3a-532d-4b67-b3cb-5e289c919e3d@synthetic.gatorfan,Hayden,Kim,2004-05-23,male,5,5,123.5,True,False,
192a81c0-6ada-4fba-9752-b24ed1b3f49f@synthetic.gatorfan,Parker,Davis,2002-12-04,other,5,3,149.6,True,True,
777ad45a-f9e9-4378-bb12-58391eeca6aa@synthetic.gatorfan,Jordan,Lee,2005-09-06,female,4,2,173.6,True,False,
02503113-05d5-4c15-bf29-e20aa3380088@synthetic.gatorfan,Parker,Garcia,2004-09-05,male,6,9,184.4,True,True,
6a061045-00a3-45ad-96b8-d253ae67e6d6@synthetic.gatorfan,Sage,Thomas,2007-01-08,male,6,2,120.6,False,False,
a430daf5-cc66-4699-b528-7a7378e1fd66@synthetic.gatorfan,Parker,Brown,2005-08-18,other,5,5,165.5,True,True,
63324e27-e3b2-4a79-82c7-d55cb80e0fec@synthetic.gatorfan,Sage,Lee,2005-10-27,female,6,6,181.2,False,True,
af366c1c-2b90-41a5-9915-ee103557f46f@synthetic.gatorfan,Emerson,Kim,2007-11-30,male,5,0,154.9,True,True,
27a59683-891d-444a-8161-2e9d73a47124@synthetic.gatorfan,Finley,Brunson,2002-07-04,male,6,0,142.5,True,False,
0be9e4ee-e815-4594-8995-0983af8fadf7@synthetic.gatorfan,Emerson,Wilson,2007-09-13,other,6,7,152.5,False,True,
dd7c2737-fc3f-41be-a972-40222545a70b@synthetic.gatorfan,Jalen,Smith,2006-06-14,male,6,8,157.0,True,True,
fcb5fcd3-0a48-46be-8edd-9ed77fc4ad8a@synthetic.gatorfan,Casey,Lopez,2002-10-31,other,5,5,150.5,True,False,
acf53179-ca81-4168-b7ee-b9c84889296e@synthetic.gatorfan,Reese,Young,2004-10-25,male,5,1,197.0,False,False,
8c156751-0227-4ffa-8c7b-49af04d9d0d6@synthetic.gatorfan,Taylor,Kim,2005-09-18,other,4,9,177.4,True,True,
994cad5d-cc03-41e0-b04b-9060a64001e7@synthetic.gatorfan,Riley,Martinez,2007-12-25,other,4,5,136.2,True,True,
784bd0b8-5a47-40b4-adac-aa5881433948@synthetic.gatorfan,Casey,Lopez,2005-03-06,other,4,9,177.6,True,False,
6a67eefb-e3aa-4669-bbe1-006e303aa76a@synthetic.gatorfan,Emerson,Garcia,2007-08-13,female,5,1,153.3,True,True,
a48c3181-6538-492b-8991-cf1c5619b952@synthetic.gatorfan,Quinn,Lee,2007-04-30,male,6,1,167.0,True,False,
50ab6b41-911f-49fd-8777-577db680d53e@synthetic.gatorfan,Emerson,Martinez,2002-07-10,female,5,7,121.8,False,True,
78384c8b-bb7b-48fe-90aa-9ae510d50a24@synthetic.gatorfan,Hayden,Garcia,2005-08-28,male,4,5,159.3,False,True,
bf3da2f6-fcf6-483f-820c-016f2dbedd9f@synthetic.gatorfan,Devon,Walker,2005-03-16,male,6,3,161.7,True,True,
726f2391-330f-447f-b96d-9a64a7bec46c@synthetic.gatorfan,Elliot,Brunson,2006-04-11,other,5,1,164.3,True,False,
76f4e9f7-5153-4d3e-b17a-031882d8a4b8@synthetic.gatorfan,Taylor,Williams,2007-09-29,female,6,8,181.5,True,False,
9f8e5f76-31fe-40f2-aec3-c69b53448c32@synthetic.gatorfan,Morgan,Williams,2002-08-11,male,4,6,149.7,False,False,
f7f98d73-81ed-4892-a693-c29cf1550965@synthetic.gatorfan,Quinn,Williams,2002-09-06,other,5,3,161.2,True,False,
ec5dfd9f-0651-4570-8cac-28e695990972@synthetic.gatorfan,Casey,Wilson,2007-05-17,male,4,5,199.4,False,False,
dee6d75c-4232-424e-b220-2ad8092f334f@synthetic.gatorfan,Finley,Williams,2003-05-22,other,4,6,145.3,False,False,
12fdd7bb-13a5-4cfd-8ad4-a7d5649528da@synthetic.gatorfan,Reese,Hall,2005-12-30,male,6,8,141.0,False,True,
f70d11c8-3122-49f6-90bd-eabf7127dcd8@synthetic.gatorfan,Jordan,Garcia,2008-04-07,other,6,1,134.3,True,False,
34825709-bfb8-4999-abc8-8610e3eaa8f4@synthetic.gatorfan,Casey,Brown,2008-03-09,male,6,9,197.7,True,True,
f89f4925-ab6f-4405-9202-d80e7c807711@synthetic.gatorfan,Jalen,Johnson,2002-11-08,male,4,1,174.2,True,True,
9cc523bc-6ce8-47b2-8ed2-6c34224ef102@synthetic.gatorfan,Sage,Kim,2002-11-23,female,5,2,184.3,False,False,
25855861-065b-464c-8948-079e750b416f@synthetic.gatorfan,Jordan,Martinez,2003-07-04,male,5,11,151.8,True,True,
8c795efb-faca-4887-b351-d5bf2455c8e3@synthetic.gatorfan,Sage,Jones,2005-05-29,other,5,3,194.0,True,True,
b0c4ff3b-9fdc-43a0-941d-471d74aabf9a@synthetic.gatorfan,Rowan,Walker,2007-07-27,male,6,1,153.5,False,True,
76f87ee8-70b4-441c-a3ca-269971ca0767@synthetic.gatorfan,Marley,Patel,2007-05-15,other,5,5,182.8,True,True,
2427575c-a577-4091-9da8-fb1a56cae703@synthetic.gatorfan,Elliot,Brown,2006-09-24,other,5,2,162.5,False,False,
6edc9826-48b2-4159-bc38-d097b04b1b26@synthetic.gatorfan,Rowan,Brown,2003-12-10,female,4,4,154.1,False,False,
5e8ddd7d-dfa2-4168-9d96-d887817ddfbb@synthetic.gatorfan,Devon,Wilson,2006-10-24,male,4,2,179.7,False,True,
efbedb2a-0887-4ab7-b7db-6ddf8b3bcd44@synthetic.gatorfan,Riley,Lopez,2003-03-04,female,5,1,186.0,True,True,
28318982-53d6-49a1-a482-82ac35bcc4ed@synthetic.gatorfan,Marley,Anderson,2002-12-20,male,4,3,132.3,True,True,
02e00793-7a45-47f1-9450-be2a1178e1a3@synthetic.gatorfan,Riley,Johnson,2004-03-16,male,6,0,167.3,False,True,
befc4e61-a40d-4e90-8e4f-ad05aaa86a17@synthetic.gatorfan,Quinn,Young,2003-06-29,female,6,10,188.1,True,True,
e993452c-679b-4430-bc7c-a4ead5315f11@synthetic.gatorfan,Morgan,Williams,2003-02-15,male,5,6,153.3,True,True,
33a30f65-fb33-4062-9fdd-14a501853723@synthetic.gatorfan,Harper,Hall,2002-11-27,male,4,10,124.2,False,True,
928e1409-95ac-4adf-926d-1e7ebabf7db5@synthetic.gatorfan,Elliot,Walker,2003-06-09,other,4,11,184.2,False,False,
d646cfa7-ae0b-4542-833b-dd0d0d03044e@synthetic.gatorfan,Hayden,Patel,2004-10-05,male,6,6,161.1,False,True,
d033c226-0144-4da7-8dfb-39d31a10a0c5@synthetic.gatorfan,Reese,Lee,2003-10-03,female,4,3,131.2,True,True,
c21d850f-415a-45ff-9ec8-334c3ae15e4d@synthetic.gatorfan,Morgan,Jones,2004-10-31,female,5,4,146.2,True,False,
0b2623ef-80db-4484-b32e-1692940d3741@synthetic.gatorfan,Taylor,Kim,2007-01-17,other,6,10,158.5,True,True,
bf6ed4e2-3121-46da-905b-b755b8e2ee4c@synthetic.gatorfan,Elliot,Lopez,2002-09-12,female,4,9,162.6,False,True,
c4d6887a-95ed-4fbd-8e30-6f493720c004@synthetic.gatorfan,Parker,Brunson,2007-05-25,male,5,8,188.9,True,False,
70f312c8-d3ba-4565-b61e-73322a098dbe@synthetic.gatorfan,Riley,Thomas,2004-08-22,other,5,1,194.9,True,False,
d2d1751b-1578-49e7-97cb-aa79cf58725a@synthetic.gatorfan,Elliot,Martinez,2007-06-11,female,5,9,183.6,False,True,
8c33c890-b7df-4bff-9fce-4ad79685ab6e@synthetic.gatorfan,Emerson,Garcia,2004-02-17,male,5,7,133.7,True,True,
3ef778d5-2b31-4267-8e07-36f5187c2e8a@synthetic.gatorfan,Devon,Lee,2005-08-08,female,6,9,183.9,True,True,
1ebf3cd4-fdb1-4db8-8095-dc2bf21ca492@synthetic.gatorfan,Marley,Walker,2007-08-16,male,6,1,127.0,False,True,
b9fee82d-1d37-4560-bf9f-857b504728a1@synthetic.gatorfan,Hayden,Williams,2002-12-06,other,6,4,191.9,False,True,
f9e47d5e-12ef-4b47-8845-1dd804b6b4e7@synthetic.gatorfan,Reese,Wilson,2003-09-09,male,4,1,131.8,False,True,
7d89e25a-b5be-4695-92b1-a2f9e4bf0801@synthetic.gatorfan,Reese,Smith,2004-01-13,other,4,6,194.9,False,True,
8f947390-c5ae-4053-890f-4b49d6f94e5e@synthetic.gatorfan,Reese,Lee,2007-08-14,other,4,8,196.1,True,False,
aad25176-6b97-4c5e-9033-08a5867fd2ca@synthetic.gatorfan,Rowan,Smith,2003-03-12,male,5,7,174.9,True,True,
12f2deee-17a6-4f33-99c5-ef164653fb9e@synthetic.gatorfan,Elliot,Martinez,2004-02-15,male,6,5,155.4,True,False,
07123730-6365-404e-86ac-38e2265b6d87@synthetic.gatorfan,Hayden,Wilson,2004-01-12,male,5,11,190.3,True,False,
86e68000-1372-4c2b-a40c-5f9defe81c4f@synthetic.gatorfan,Jordan,Lee,2008-03-13,other,4,7,172.0,True,False,
fc5f9600-71ad-484f-a601-9780e00c154a@synthetic.gatorfan,Jalen,Williams,2003-04-13,male,5,1,182.1,True,False,
86c9cd63-8411-48e7-88d4-33e72cb08849@synthetic.gatorfan,Sage,Allen,2006-09-22,male,4,0,124.1,False,False,
6a6e22dc-f90b-42dc-a714-5e0a4966106d@synthetic.gatorfan,Morgan,Brown,2002-09-06,other,4,0,184.1,False,False,
5b1d8d3a-d339-4c57-8a58-7c743dd50750@synthetic.gatorfan,Sage,Walker,2003-05-20,other,5,0,136.1,True,True,
d88dba2c-12f9-4fa8-9e58-3d5a2d089564@synthetic.gatorfan,Parker,Wilson,2005-03-21,female,4,10,132.4,False,True,
ecb284fa-b5a1-4d46-992a-56a72952ef7f@synthetic.gatorfan,Taylor,Garcia,2008-05-12,other,5,11,168.9,True,False,
1282110a-bca8-46ff-8d38-e347cf656b16@synthetic.gatorfan,Jalen,Williams,2008-06-06,other,5,8,133.9,True,True,
4c27d43a-2e4d-4a58-98d8-53ff94c456cc@synthetic.gatorfan,Tatum,Anderson,2006-03-14,female,5,9,170.9,True,True,
8fbab017-dcf9-4aa2-8ecc-bf68cc35296d@synthetic.gatorfan,Marley,Wilson,2006-12-20,male,5,6,176.0,False,False,
79064b4c-081d-452f-9972-276dad057090@synthetic.gatorfan,Jordan,Lopez,2007-07-06,female,6,4,157.9,True,True,
e946e066-7960-4388-9f34-3d6554b1b63f@synthetic.gatorfan,Taylor,Garcia,2002-10-10,male,5,5,168.9,False,True,
5948ec6f-cdad-4549-a3d1-91f61a4d16de@synthetic.gatorfan,Skyler,Walker,2007-07-15,male,6,7,145.4,True,True,
2e851dd6-20f0-4931-b00f-e3e249859f47@synthetic.gatorfan,Devon,Smith,2005-08-05,male,4,6,165.3,False,False,
15fc12b2-8d49-42b8-a73d-589e80ee43e1@synthetic.gatorfan,Sage,Thomas,2004-12-08,male,4,9,163.9,True,False,
7f7d588a-19ee-4ae9-a7ae-7739246e3a35@synthetic.gatorfan,Reese,Young,2005-04-20,female,6,8,190.9,False,True,
d4db6000-567c-4da1-ad55-6c4f5aa73391@synthetic.gatorfan,Harper,Brown,2004-01-22,other,4,3,187.0,True,True,
8fdeea47-e4ed-45c4-9066-48057447e6ee@synthetic.gatorfan,Riley,Hall,2008-02-14,other,6,0,142.4,True,True,
27839907-e50a-46cd-8b9c-f46efdeecdd8@synthetic.gatorfan,Quinn,Garcia,2004-01-28,other,6,0,186.2,False,True,
6f9985a8-f067-465b-a031-2b976fdaf74e@synthetic.gatorfan,Casey,Williams,2004-03-15,female,6,1,149.2,False,False,
5da42d1f-3102-456e-a97d-7b4ff27656a3@synthetic.gatorfan,Hayden,Martinez,2005-10-05,male,6,8,176.4,True,False,
cc94e30a-9637-479d-b946-ce50db148de8@synthetic.gatorfan,Jalen,Lee,2006-06-16,male,6,6,133.1,True,False,
17b75fb7-fb9c-440f-a993-9a01684d657f@synthetic.gatorfan,Tatum,Young,2002-12-09,female,4,10,199.2,True,True,
1272c38c-59d7-48b9-ac15-d56572179abc@synthetic.gatorfan,Reese,Jones,2003-05-27,male,6,9,154.7,True,True,
df65e5e6-d942-43bb-be2c-730c159ac95e@synthetic.gatorfan,Casey,Williams,2006-08-15,other,6,0,138.6,True,True,
b2c4ee3f-05ea-4a67-acb6-16876e381a4d@synthetic.gatorfan,Emerson,Patel,2002-06-27,female,4,1,139.5,False,False,
ed6eb732-4108-4bc8-9ebc-89c794a02d86@synthetic.gatorfan,Rowan,Martinez,2005-02-13,other,6,9,124.6,True,True,
e9bfc4a4-d477-4736-b01b-00ed7987787b@synthetic.gatorfan,Quinn,Allen,2003-03-05,other,4,5,181.5,False,True,
6471e9eb-7c5b-43ec-921a-45a7d3e8eda6@synthetic.gatorfan,Marley,Jones,2005-11-15,female,4,10,147.2,True,True,
13d64875-cc62-4e92-99e8-e03b9de90458@synthetic.gatorfan,Jordan,Brunson,2005-05-10,female,6,11,170.5,True,True,
d3801e7d-e4ca-4ff7-949e-036a6f01d23e@synthetic.gatorfan,Casey,Brown,2006-07-23,male,5,11,155.9,True,True,
71964ecc-6e0a-4bc1-a969-7457417341fd@synthetic.gatorfan,Jalen,Martinez,2005-01-22,male,4,8,170.7,False,False,
